text,category
"Government announces new economic reforms for 2025.","Politics"
"Local team wins the national football championship.","Sports"
"Tech giant releases latest smartphone model with AI features.","Technology"
"Actor donates millions to children’s charity foundation.","Entertainment"
"Parliament passes new environmental protection bill.","Politics"
"Cricket legend retires after two decades in international career.","Sports"
"Breakthrough discovered in renewable energy storage.","Technology"
"Famous singer releases her most anticipated album of the year.","Entertainment"
"Prime Minister visits flood-affected regions to review relief efforts.","Politics"
"Startup develops app that can translate speech in real-time.","Technology"
"New action movie breaks box office records globally.","Entertainment"
"National basketball team prepares for world championship.","Sports"
"Government signs trade agreement with neighboring countries.","Politics"
"Scientists create biodegradable plastic alternative.","Technology"
"Popular comedian launches new Netflix comedy special.","Entertainment"
"Local marathon attracts thousands of participants nationwide.","Sports"
"Opposition criticizes tax increase proposal in parliament.","Politics"
"Company unveils electric vehicle with 700km range.","Technology"
"Award show celebrates best performances in television and film.","Entertainment"
"Star player scores hat-trick leading team to victory.","Sports"
"Senate debates healthcare policy changes for the upcoming year.","Politics"
"Football club announces new head coach ahead of season.","Sports"
"AI startup secures $50 million in Series A funding.","Technology"
"Actress wins international award for her outstanding performance.","Entertainment"
"Government launches initiative to boost rural education.","Politics"
"Tennis champion wins third consecutive Grand Slam title.","Sports"
"Cybersecurity firm detects large-scale phishing attack.","Technology"
"Musician surprises fans with unannounced album drop.","Entertainment"
"President meets with business leaders to discuss inflation control.","Politics"
"Formula 1 driver claims victory in the final race of the season.","Sports"
"New software update improves user privacy and performance.","Technology"
"TV network announces lineup for upcoming drama series.","Entertainment"
"Cabinet approves funding for new infrastructure projects.","Politics"
"Boxer defends world title in thrilling twelve-round fight.","Sports"
"Scientists develop wearable device to monitor heart health.","Technology"
"Streaming platform signs exclusive deal with major film studio.","Entertainment"
"Mayor unveils plan for smart city transformation.","Politics"
"Local hockey team qualifies for international tournament.","Sports"
"Tech company introduces foldable laptop with OLED display.","Technology"
"Broadway show earns record-breaking ticket sales.","Entertainment"
"Lawmakers push for stricter data protection regulations.","Politics"
"Sprinter breaks national record at athletic championship.","Sports"
"Researchers announce major advancement in quantum computing.","Technology"
"Director announces sequel to last year’s blockbuster hit.","Entertainment"
"Government to hold summit on climate change next month.","Politics"
"Footballer signs record-breaking transfer deal.","Sports"
"New AI tool revolutionizes content creation industry.","Technology"
"Famous actor stars in upcoming historical drama film.","Entertainment"
"Election commission sets date for national elections.","Politics"
"Basketball league announces expansion to two new cities.","Sports"
"Drone company unveils autonomous delivery system.","Technology"
"Music festival returns after three-year hiatus.","Entertainment"
"President addresses nation about rising fuel prices.","Politics"
"Swimmer wins gold medal at international competition.","Sports"
"Tech firm collaborates with university on AI ethics research.","Technology"
"Comedian announces global tour after viral success online.","Entertainment"
"Government increases funding for healthcare workers.","Politics"
"Esports team wins world championship finals.","Sports"
"Company introduces blockchain-based payment solution.","Technology"
"Film studio releases first trailer for upcoming sci-fi movie.","Entertainment"
"Minister proposes law to regulate online misinformation.","Politics"
"Cricket team announces lineup for upcoming series.","Sports"
"Engineers test prototype of solar-powered drone.","Technology"
"Pop star breaks record for most-streamed album.","Entertainment"
"Opposition leader demands transparency in foreign aid spending.","Politics"
"National team celebrates historic Olympic qualification.","Sports"
"Scientists test vaccine using breakthrough mRNA technique.","Technology"
"Actor’s biopic becomes highest-rated film of the year.","Entertainment"
"Government bans single-use plastics starting next year.","Politics"
"Young athlete sets new junior world record.","Sports"
"Tech company opens new data center to enhance global network.","Technology"
"TV awards night honors best performances of the decade.","Entertainment"
"President appoints new ministers to cabinet.","Politics"
"Volleyball team advances to championship finals.","Sports"
"Researchers reveal AI model that predicts natural disasters.","Technology"
"Documentary filmmaker wins award for environmental work.","Entertainment"
"Senator urges reforms to reduce income inequality.","Politics"
"Local baseball club celebrates centenary anniversary.","Sports"
"Company introduces 3D-printed housing solution.","Technology"
"Actor announces retirement after 40-year career.","Entertainment"
"Government unveils budget aimed at digital transformation.","Politics"
"Racing team unveils car with next-gen hybrid engine.","Sports"
"Scientists publish study on space-based solar power.","Technology"
"Musical theater group announces European tour dates.","Entertainment"
"Parliament discusses policies for sustainable agriculture.","Politics"
"Star striker injured during semifinal match.","Sports"
"Researchers discover faster method for battery charging.","Technology"
"Actress signs multi-film deal with major streaming platform.","Entertainment"
"Government introduces bill to support small businesses.","Politics"
"Tennis player named athlete of the year.","Sports"
"AI-powered chatbot sets new benchmark for human-like conversation.","Technology"
"Celebrity chef launches cooking show on global network.","Entertainment"
"Prime Minister announces new digital ID initiative.","Politics"
"National team wins regional championship trophy.","Sports"
"Startup builds wearable AI assistant for productivity.","Technology"
"Famous artist opens solo exhibition in New York.","Entertainment"
"Government faces protests over new economic policy.","Politics"
"Boxing match draws record pay-per-view audience.","Sports"
"Tech giant invests in quantum computing research.","Technology"
"Actor to host new late-night talk show.","Entertainment"
"Cabinet reshuffle brings new faces into key ministries.","Politics"
"Football association introduces new fair play rules.","Sports"
"Company develops AI model to detect cyber threats faster.","Technology"
"Film festival celebrates diversity in cinema.","Entertainment"
"Government pledges to reduce carbon emissions by 40% by 2030.","Politics"
"Star sprinter announces retirement from athletics.","Sports"
"Developers launch open-source AI image generator.","Technology"
"Pop icon announces charity concert tour for global aid.","Entertainment"
"President signs agreement to improve trade relations.","Politics"
"Rugby team claims victory in continental championship.","Sports"
"Researchers unveil device that converts air into clean water.","Technology"
"Famous director returns with highly anticipated new film.","Entertainment"
"Lawmakers pass law supporting renewable energy subsidies.","Politics"
"Basketball player joins new international club.","Sports"
"Company launches AI platform for medical diagnosis.","Technology"
"TV host announces comeback after two-year break.","Entertainment"
"Election observers monitor peaceful voting process.","Politics"
"National cricket team records biggest win in series history.","Sports"
"Tech startup launches privacy-focused search engine.","Technology"
"Movie premiere attracts celebrities from around the world.","Entertainment"
"Prime Minister addresses parliament on foreign policy goals.","Politics"
"Young gymnast wins national championship title.","Sports"
"Researchers develop chip to speed up neural network training.","Technology"
"Documentary series explores rise of digital influencers.","Entertainment"
"Opposition demands review of recent defense spending.","Politics"
"Local football team opens new state-of-the-art training facility.","Sports"
"New AI assistant integrates with smart home devices.","Technology"
"Film star launches foundation to help underprivileged youth.","Entertainment"
