headline,category
"Government announces new tax reforms for 2025.","Politics"
"Local team wins the national football championship.","Sports"
"Tech giant releases its latest AI-powered smartphone.","Technology"
"Actor donates millions to children's hospital.","Entertainment"
"Stock markets surge after positive economic data.","Business"
"Prime Minister addresses the nation in live broadcast.","Politics"
"New AI startup raises $50 million in funding round.","Technology"
"Cricket legend retires after two decades of play.","Sports"
"Movie breaks box office records in opening weekend.","Entertainment"
"Central Bank raises interest rates amid inflation fears.","Business"
"Opposition parties unite against government policies.","Politics"
"Startup develops breakthrough renewable energy storage tech.","Technology"
"Football coach praises players after major victory.","Sports"
"Famous singer announces world tour dates for next year.","Entertainment"
"Company shares drop following poor quarterly results.","Business"
"New education bill passed by parliament.","Politics"
"Researchers discover new planet in nearby solar system.","Technology"
"Basketball star signs record-breaking contract.","Sports"
"Streaming platform launches new original series.","Entertainment"
"Oil prices fall after OPEC meeting.","Business"
"President meets foreign leaders for peace talks.","Politics"
"Cybersecurity firm warns of rising ransomware attacks.","Technology"
"Tennis player wins grand slam title in stunning final.","Sports"
"Documentary wins best film award at international festival.","Entertainment"
"Real estate prices hit record highs in major cities.","Business"
"Senate debates controversial healthcare reform bill.","Politics"
"Scientists unveil next-gen quantum computer chip.","Technology"
"Team captain announces retirement after long career.","Sports"
"TV drama receives critical acclaim from reviewers.","Entertainment"
"Major bank reports record profits this quarter.","Business"
"Government proposes new climate action plan.","Politics"
"New app aims to improve mental health awareness.","Technology"
"National team prepares for upcoming championship tournament.","Sports"
"Celebrity couple announces engagement on social media.","Entertainment"
"Automakers see strong sales growth in Q3.","Business"
"President signs trade deal with neighboring countries.","Politics"
"Developers release update fixing major software bug.","Technology"
"Fans celebrate victory after thrilling football match.","Sports"
"Actor wins lifetime achievement award.","Entertainment"
"Financial experts predict slower growth next year.","Business"
"Government launches new public healthcare initiative.","Politics"
"Robotics company introduces humanoid service robot.","Technology"
"Boxer wins championship belt in knockout match.","Sports"
"Festival showcases emerging talent in film industry.","Entertainment"
"Investors cautious ahead of central bank announcement.","Business"
"Minister announces plans for infrastructure development.","Politics"
"AI research lab publishes new machine learning framework.","Technology"
"Runner breaks world record in 100m dash.","Sports"
"Comedy movie becomes surprise summer hit.","Entertainment"
"Currency exchange rates remain stable after policy change.","Business"
"Government to hold emergency meeting on foreign policy.","Politics"
"Tech company unveils foldable tablet with 3D display.","Technology"
"Cricket fans celebrate team’s unexpected comeback win.","Sports"
"Actress launches new clothing line at major fashion event.","Entertainment"
"Oil prices rebound amid geopolitical tensions.","Business"
"Lawmakers discuss amendments to election laws.","Politics"
"Scientists develop AI tool for diagnosing heart disease.","Technology"
"Football team advances to semi-finals after penalty shootout.","Sports"
"Documentary about wildlife wins global award.","Entertainment"
"Stock market reacts positively to trade deal news.","Business"
"Opposition leader criticizes government’s new budget plan.","Politics"
"Researchers create biodegradable electronic circuits.","Technology"
"Tennis star defeats rival in thrilling five-set final.","Sports"
"Actor shares behind-the-scenes photos from latest film.","Entertainment"
"Global economy shows signs of recovery, say analysts.","Business"
"Parliament approves national cybersecurity strategy.","Politics"
"Tech firm launches new wearable fitness tracker.","Technology"
"National cricket team announces training camp schedule.","Sports"
"Musician drops surprise album at midnight.","Entertainment"
"Major retail chain reports higher-than-expected profits.","Business"
"President addresses climate change summit.","Politics"
"New software helps businesses automate accounting tasks.","Technology"
"Basketball finals draw record television audience.","Sports"
"TV series renewed for another season after fan demand.","Entertainment"
"Real estate company announces new housing project.","Business"
"Government faces criticism over rising inflation.","Politics"
"AI startup launches chatbot for customer service.","Technology"
"Team wins championship after intense overtime match.","Sports"
"Celebrity chef opens new restaurant in downtown area.","Entertainment"
"Currency markets remain volatile amid uncertainty.","Business"
"Election commission releases updated voter list.","Politics"
"Company develops self-driving delivery vehicles.","Technology"
"Swimmer sets national record in freestyle event.","Sports"
"New action film tops box office charts globally.","Entertainment"
"Gold prices rise as investors seek safe assets.","Business"
"Government unveils national digital transformation strategy.","Politics"
"Tech firm opens new research center in Silicon Valley.","Technology"
"Football player transfers to top European club.","Sports"
"Famous director announces sequel to blockbuster movie.","Entertainment"
"Major companies plan merger to expand global presence.","Business"
"Prime Minister signs education reform agreement.","Politics"
"Scientists design robot capable of understanding emotions.","Technology"
"Tennis tournament draws record number of participants.","Sports"
"Actor attends film premiere with co-stars in London.","Entertainment"
"Bank introduces new mobile banking features.","Business"
"Parliament holds emergency session over policy dispute.","Politics"
"Developers announce new AI-powered translation app.","Technology"
"Fans cheer as underdog team wins national championship.","Sports"
"Comedian releases new stand-up special on streaming platform.","Entertainment"
"Oil production increases as global demand rises.","Business"
"Opposition calls for investigation into corruption case.","Politics"
"Tech giant invests in renewable data center project.","Technology"
"Football star recovers from injury ahead of big match.","Sports"
"TV network releases trailer for upcoming series.","Entertainment"
"Business leaders discuss future of global trade.","Business"
"President promises reforms in education system.","Politics"
"Company reveals prototype of quantum communication device.","Technology"
"Cricket series postponed due to bad weather.","Sports"
"Famous artist exhibits new paintings at art gallery.","Entertainment"
"Market analysts warn of possible recession next year.","Business"
"Government plans to reduce carbon emissions by 30%.","Politics"
"Startup develops app that predicts mental stress levels.","Technology"
"Team coach announces lineup for international tournament.","Sports"
"New thriller movie receives rave reviews from critics.","Entertainment"
"Banking sector sees record loan growth in Q4.","Business"
"Senate passes bill to strengthen data privacy laws.","Politics"
"Tech company introduces 6G prototype network.","Technology"
"Fans line up for tickets to championship final.","Sports"
"Pop singer breaks streaming records with new release.","Entertainment"
"Business confidence rises after policy reforms.","Business"
"President attends United Nations general assembly.","Politics"
"Developers unveil AI for automated code generation.","Technology"
"National team defeats rivals to reach finals.","Sports"
"Actor to star in upcoming historical drama film.","Entertainment"
"Companies report strong earnings amid digital boom.","Business"
"Government increases budget for healthcare sector.","Politics"
"Researchers build AI model to detect fake news.","Technology"
"Soccer fans celebrate championship win across the country.","Sports"
"Movie premiere attracts celebrities from around the world.","Entertainment"
"Bank warns customers about rise in online fraud cases.","Business"
"Minister resigns following public criticism.","Politics"
"Scientists achieve milestone in battery technology.","Technology"
"Player scores winning goal in extra time.","Sports"
"Actress wins award for best performance in drama.","Entertainment"
"Investors optimistic after strong quarterly reports.","Business"
"Government extends deadline for tax filings.","Politics"
"Tech firm acquires smaller startup for innovation boost.","Technology"
"National sports federation announces annual awards.","Sports"
"Comedian’s new show breaks streaming platform records.","Entertainment"
"Business leaders call for better trade policies.","Business"
"President appoints new cabinet ministers.","Politics"
"Researchers test drone delivery system in urban areas.","Technology"
"Cricket tournament postponed due to political unrest.","Sports"
"New documentary highlights impact of climate change.","Entertainment"
"Global oil prices continue to decline.","Business"
"Government announces new pension reform policy.","Politics"
"AI experts unveil model that creates realistic images.","Technology"
"Football fans celebrate championship victory downtown.","Sports"
"Famous actor launches charity foundation for education.","Entertainment"
"Major retailers offer discounts during festival season.","Business"
